{"cameraMode":{"drawMode":0,"name":"Shaded","section":"Shading Mode"},"sceneLighting":true,"audioPlay":false,"sceneViewState":{"showFog":true,"showMaterialUpdate":false,"showSkybox":true,"showFlares":true,"showImageEffects":true,"showParticleSystems":true},"in2DMode":false,"pivot":{"x":-18.400413513183595,"y":-45.63277816772461,"z":131.84536743164063},"rotation":{"x":-0.18890692293643952,"y":0.08736757934093476,"z":-0.016864648088812829,"w":-0.9779766201972961},"size":83.37598419189453,"orthographic":false}