{"cameraMode":{"drawMode":0,"name":"Shaded","section":"Shading Mode"},"sceneLighting":true,"audioPlay":false,"sceneViewState":{"showFog":true,"showMaterialUpdate":false,"showSkybox":true,"showFlares":true,"showImageEffects":true,"showParticleSystems":true},"in2DMode":false,"pivot":{"x":7.138186454772949,"y":4.787149906158447,"z":14.588720321655274},"rotation":{"x":-0.20112217962741853,"y":0.053451843559741977,"z":-0.010991684161126614,"w":-0.9780457019805908},"size":13.767178535461426,"orthographic":false}