{"cameraMode":{"drawMode":0,"name":"Shaded","section":"Shading Mode"},"sceneLighting":true,"audioPlay":false,"sceneViewState":{"showFog":true,"showMaterialUpdate":false,"showSkybox":true,"showFlares":true,"showImageEffects":true,"showParticleSystems":true},"in2DMode":false,"pivot":{"x":5.955310821533203,"y":4.515470504760742,"z":9.042435646057129},"rotation":{"x":-0.26847487688064577,"y":0.14011678099632264,"z":-0.039503440260887149,"w":-0.9522278904914856},"size":15.672140121459961,"orthographic":false}